<edmx:Edmx
    xmlns:edmx="http://schemas.microsoft.com/ado/2007/06/edmx" Version="1.0">
    <edmx:DataServices
        xmlns:m="http://schemas.microsoft.com/ado/2007/08/dataservices/metadata" m:DataServiceVersion="1.0">
        <Schema
            xmlns="http://schemas.microsoft.com/ado/2008/09/edm" Namespace="com.sap.iotservices.mms">
            <EntityType Name="entity0">
                <Key>
                    <PropertyRef Name="G_DEVICE"/>
                    <PropertyRef Name="G_CREATED"/>
                    <PropertyRef Name="C_TIMESTAMP"/>
                    <PropertyRef Name="C_SENSOR1"/>
                    <PropertyRef Name="C_SENSOR2"/>
                </Key>
                <Property
                    xmlns:mms="com.sap.iotservices.mms" Name="G_DEVICE" Type="Edm.String" mms:ColumnName="G_DEVICE"/>
                    <Property
                        xmlns:mms="com.sap.iotservices.mms" Name="G_CREATED" Type="Edm.DateTime" mms:ColumnName="G_CREATED"/>
                        <Property
                            xmlns:mms="com.sap.iotservices.mms" Name="C_TIMESTAMP" Type="Edm.DateTime" mms:ColumnName="C_TIMESTAMP"/>
                            <Property
                                xmlns:mms="com.sap.iotservices.mms" Name="C_SENSOR1" Type="Edm.String" mms:ColumnName="C_SENSOR1"/>
                                <Property
                                    xmlns:mms="com.sap.iotservices.mms" Name="C_SENSOR2" Type="Edm.String" mms:ColumnName="C_SENSOR2"/>
                                </EntityType>
                                <EntityType Name="entity1">
                                    <Key>
                                        <PropertyRef Name="C_DEVICEID"/>
                                        <PropertyRef Name="C_SEQUENCEID"/>
                                        <PropertyRef Name="C_STATUS"/>
                                        <PropertyRef Name="C_PHASE"/>
                                        <PropertyRef Name="C_MSG"/>
                                        <PropertyRef Name="G_CREATED"/>
                                    </Key>
                                    <Property
                                        xmlns:mms="com.sap.iotservices.mms" Name="C_DEVICEID" Type="Edm.String" mms:ColumnName="C_DEVICEID"/>
                                        <Property
                                            xmlns:mms="com.sap.iotservices.mms" Name="C_SEQUENCEID" Type="Edm.String" mms:ColumnName="C_SEQUENCEID"/>
                                            <Property
                                                xmlns:mms="com.sap.iotservices.mms" Name="C_STATUS" Type="Edm.String" mms:ColumnName="C_STATUS"/>
                                                <Property
                                                    xmlns:mms="com.sap.iotservices.mms" Name="C_PHASE" Type="Edm.Int32" mms:ColumnName="C_PHASE"/>
                                                    <Property
                                                        xmlns:mms="com.sap.iotservices.mms" Name="C_MSG" Type="Edm.String" mms:ColumnName="C_MSG"/>
                                                        <Property
                                                            xmlns:mms="com.sap.iotservices.mms" Name="G_CREATED" Type="Edm.DateTime" mms:ColumnName="G_CREATED"/>
                                                        </EntityType>
                                                        <EntityType Name="entity2">
                                                            <Key>
                                                                <PropertyRef Name="G_CREATED"/>
                                                                <PropertyRef Name="C_KEY"/>
                                                                <PropertyRef Name="C_VALUE"/>
                                                            </Key>
                                                            <Property
                                                                xmlns:mms="com.sap.iotservices.mms" Name="G_CREATED" Type="Edm.DateTime" mms:ColumnName="G_CREATED"/>
                                                                <Property
                                                                    xmlns:mms="com.sap.iotservices.mms" Name="C_KEY" Type="Edm.String" mms:ColumnName="C_KEY"/>
                                                                    <Property
                                                                        xmlns:mms="com.sap.iotservices.mms" Name="C_VALUE" Type="Edm.String" mms:ColumnName="C_VALUE"/>
                                                                    </EntityType>
                                                                    <EntityType Name="entity3">
                                                                        <Key>
                                                                            <PropertyRef Name="G_DEVICE"/>
                                                                            <PropertyRef Name="G_CREATED"/>
                                                                            <PropertyRef Name="DATEANDTIME"/>
                                                                            <PropertyRef Name="SENSOR1"/>
                                                                            <PropertyRef Name="SENSOR2"/>
                                                                        </Key>
                                                                        <Property
                                                                            xmlns:mms="com.sap.iotservices.mms" Name="G_DEVICE" Type="Edm.String" mms:ColumnName="G_DEVICE"/>
                                                                            <Property
                                                                                xmlns:mms="com.sap.iotservices.mms" Name="G_CREATED" Type="Edm.DateTime" mms:ColumnName="G_CREATED"/>
                                                                                <Property
                                                                                    xmlns:mms="com.sap.iotservices.mms" Name="DATEANDTIME" Type="Edm.DateTime" mms:ColumnName="DATEANDTIME"/>
                                                                                    <Property
                                                                                        xmlns:mms="com.sap.iotservices.mms" Name="SENSOR1" Type="Edm.String" mms:ColumnName="SENSOR1"/>
                                                                                        <Property
                                                                                            xmlns:mms="com.sap.iotservices.mms" Name="SENSOR2" Type="Edm.String" mms:ColumnName="SENSOR2"/>
                                                                                        </EntityType>
                                                                                        <EntityType Name="entity4">
                                                                                            <Key>
                                                                                                <PropertyRef Name="G_CREATED"/>
                                                                                                <PropertyRef Name="C_DEVICE_TYPE"/>
                                                                                                <PropertyRef Name="C_MESSAGE_TYPE"/>
                                                                                                <PropertyRef Name="C_PROCESSING_SERVICE"/>
                                                                                                <PropertyRef Name="C_PROPERTIES"/>
                                                                                            </Key>
                                                                                            <Property
                                                                                                xmlns:mms="com.sap.iotservices.mms" Name="G_CREATED" Type="Edm.DateTime" mms:ColumnName="G_CREATED"/>
                                                                                                <Property
                                                                                                    xmlns:mms="com.sap.iotservices.mms" Name="C_DEVICE_TYPE" Type="Edm.String" mms:ColumnName="C_DEVICE_TYPE"/>
                                                                                                    <Property
                                                                                                        xmlns:mms="com.sap.iotservices.mms" Name="C_MESSAGE_TYPE" Type="Edm.String" mms:ColumnName="C_MESSAGE_TYPE"/>
                                                                                                        <Property
                                                                                                            xmlns:mms="com.sap.iotservices.mms" Name="C_PROCESSING_SERVICE" Type="Edm.String" mms:ColumnName="C_PROCESSING_SERVICE"/>
                                                                                                            <Property
                                                                                                                xmlns:mms="com.sap.iotservices.mms" Name="C_PROPERTIES" Type="Edm.String" mms:ColumnName="C_PROPERTIES"/>
                                                                                                            </EntityType>
                                                                                                            <EntityType Name="entity5">
                                                                                                                <Key>
                                                                                                                    <PropertyRef Name="G_CREATED"/>
                                                                                                                    <PropertyRef Name="G_METRIC"/>
                                                                                                                    <PropertyRef Name="G_VALUE"/>
                                                                                                                    <PropertyRef Name="G_COMPONENT"/>
                                                                                                                    <PropertyRef Name="G_PROCESS"/>
                                                                                                                </Key>
                                                                                                                <Property
                                                                                                                    xmlns:mms="com.sap.iotservices.mms" Name="G_CREATED" Type="Edm.DateTime" mms:ColumnName="G_CREATED"/>
                                                                                                                    <Property
                                                                                                                        xmlns:mms="com.sap.iotservices.mms" Name="G_METRIC" Type="Edm.String" mms:ColumnName="G_METRIC"/>
                                                                                                                        <Property
                                                                                                                            xmlns:mms="com.sap.iotservices.mms" Name="G_VALUE" Type="Edm.Double" mms:ColumnName="G_VALUE"/>
                                                                                                                            <Property
                                                                                                                                xmlns:mms="com.sap.iotservices.mms" Name="G_COMPONENT" Type="Edm.String" mms:ColumnName="G_COMPONENT"/>
                                                                                                                                <Property
                                                                                                                                    xmlns:mms="com.sap.iotservices.mms" Name="G_PROCESS" Type="Edm.String" mms:ColumnName="G_PROCESS"/>
                                                                                                                                </EntityType>
                                                                                                                                <EntityType Name="entity6">
                                                                                                                                    <Key>
                                                                                                                                        <PropertyRef Name="C_TIMESTAMP"/>
                                                                                                                                        <PropertyRef Name="C_SENSOR1"/>
                                                                                                                                        <PropertyRef Name="C_SENSOR2"/>
                                                                                                                                    </Key>
                                                                                                                                    <Property
                                                                                                                                        xmlns:mms="com.sap.iotservices.mms" Name="C_TIMESTAMP" Type="Edm.DateTime" mms:ColumnName="C_TIMESTAMP"/>
                                                                                                                                        <Property
                                                                                                                                            xmlns:mms="com.sap.iotservices.mms" Name="C_SENSOR1" Type="Edm.String" mms:ColumnName="C_SENSOR1"/>
                                                                                                                                            <Property
                                                                                                                                                xmlns:mms="com.sap.iotservices.mms" Name="C_SENSOR2" Type="Edm.String" mms:ColumnName="C_SENSOR2"/>
                                                                                                                                            </EntityType>
                                                                                                                                            <EntityType Name="entitySet">
                                                                                                                                                <Key>
                                                                                                                                                    <PropertyRef Name="name"/>
                                                                                                                                                </Key>
                                                                                                                                                <Property Name="schema" Type="Edm.String"/>
                                                                                                                                                <Property Name="name" Type="Edm.String" m:FC_TargetPath="SyndicationTitle"/>
                                                                                                                                                <Property Name="count" Type="Edm.String"/>
                                                                                                                                            </EntityType>
                                                                                                                                            <EntityContainer
                                                                                                                                                xmlns:mms="com.sap.iotservices.mms" Name="NETWORKDB" m:IsDefaultEntityContainer="true" mms:SchemaName="NETWORKDB">
                                                                                                                                                <EntitySet Name="count" EntityType="com.sap.iotservices.mms.entitySet"/>
                                                                                                                                                <EntitySet
                                                                                                                                                    xmlns:mms="com.sap.iotservices.mms" Name="T_IOT_AC34F1814020277DADD9" EntityType="com.sap.iotservices.mms.entity0" mms:TableName="T_IOT_AC34F1814020277DADD9"/>
                                                                                                                                                    <EntitySet
                                                                                                                                                        xmlns:mms="com.sap.iotservices.mms" Name="T_IOT_ACKSTORE" EntityType="com.sap.iotservices.mms.entity1" mms:TableName="T_IOT_ACKSTORE"/>
                                                                                                                                                        <EntitySet
                                                                                                                                                            xmlns:mms="com.sap.iotservices.mms" Name="T_IOT_CONFIG" EntityType="com.sap.iotservices.mms.entity2" mms:TableName="T_IOT_CONFIG"/>
                                                                                                                                                            <EntitySet
                                                                                                                                                                xmlns:mms="com.sap.iotservices.mms" Name="T_IOT_MESSAGETABLE" EntityType="com.sap.iotservices.mms.entity3" mms:TableName="T_IOT_MESSAGETABLE"/>
                                                                                                                                                                <EntitySet
                                                                                                                                                                    xmlns:mms="com.sap.iotservices.mms" Name="T_IOT_PROCESSING_SERVICE_CONFIG" EntityType="com.sap.iotservices.mms.entity4" mms:TableName="T_IOT_PROCESSING_SERVICE_CONFIG"/>
                                                                                                                                                                    <EntitySet
                                                                                                                                                                        xmlns:mms="com.sap.iotservices.mms" Name="T_IOT_MONITOR_LOG" EntityType="com.sap.iotservices.mms.entity5" mms:TableName="T_IOT_MONITOR_LOG"/>
                                                                                                                                                                        <EntitySet
                                                                                                                                                                            xmlns:mms="com.sap.iotservices.mms" Name="T_IOT_MESSAGEFROMDEVICE" EntityType="com.sap.iotservices.mms.entity6" mms:TableName="T_IOT_MESSAGEFROMDEVICE"/>
                                                                                                                                                                        </EntityContainer>
                                                                                                                                                                    </Schema>
                                                                                                                                                                </edmx:DataServices>
                                                                                                                                                            </edmx:Edmx>